model,global_MSE,global_RMSE,global_MAE
lstm,0.6776988,0.8232246,0.24199766
stgcn,0.72846425,0.85350114,0.28246754
resstgcn,0.6346264,0.79663444,0.2511978
