model,global_MSE,global_RMSE,global_MAE
lstm,0.6776988,0.8232246,0.24199049
stgcn,0.72846586,0.8535021,0.2825692
resstgcn,0.6346249,0.7966335,0.25119326
