model,global_MSE,global_RMSE,global_MAE
lstm,0.6779695,0.82338905,0.24302006
stgcn,0.7350358,0.8573423,0.28692886
resstgcn,0.64314884,0.8019656,0.2498592
